stage,subject,domain,node_id,name,status,grade,difficulty,prerequisites,extends,curriculum_points,tree_file
elementary,science,物质科学,sci-e-friction,摩擦力,placeholder,5,2,sci-e-push-pull-force,,认识物体有多种运动形式，力可以改变物体的运动状态，运动的物体具有能量，了解日常生活中能存在的不同形式。；运用简单模型描述和解释物体间的相互作用；基于证据论证能的转化与能量守恒，理解其在社会生活中的意义。,data/trees/cn/elementary/science.json
elementary,science,物质科学,sci-e-simple-machines,简单机械（杠杆、滑轮、斜面）,placeholder,6,3,sci-e-friction,,知道生活中常见的力，认识力可以改变物体的形状。；认识物体有多种运动形式，力可以改变物体的运动状态，运动的物体具有能量，了解日常生活中能存在的不同形式。；知道常见简单科技产品的结构决定了其功能，知道简单的制作问题需要定义和界定。,data/trees/cn/elementary/science.json
elementary,science,物质科学,sci-e-energy-forms,能量的多种形式,placeholder,6,3,sci-e-heat-transfer|sci-e-electricity-basic,,认识物体有多种运动形式，力可以改变物体的运动状态，运动的物体具有能量，了解日常生活中能存在的不同形式。；知道自然界存在多种形式的能，不同形式的能可以相互转化；初步了解热能及其传递方式。,data/trees/cn/elementary/science.json
elementary,science,生命科学,sci-e-ecosystem,生物与环境（食物链、食物网）,placeholder,5,3,sci-e-classification,,简单描述生物与生物、生物与环境之间相互依存的关系，以及生物的多样性和进化现象。；认识人与环境之间的相互关系；说明生物多样性和适应性是进化的结果。初步形成生物体的结构与功能、物质与能量、稳定与变化、进化与适应的观念。,data/trees/cn/elementary/science.json
elementary,science,生命科学,sci-e-environment-protection,环境保护与生态平衡,placeholder,6,3,sci-e-ecosystem,,认识生物与环境的相互关系，简单描述生物与生物、生物与环境之间相互依存的关系，以及生物的多样性和进化现象。；热爱自然，具有节约资源、保护环境、推动生态文明建设和可持续发展的责任感。；知道人类生活离不开自然资源，能认识到节约自然资源和保护环境的重要性。,data/trees/cn/elementary/science.json
elementary,science,生命科学,sci-e-human-body-systems,人体主要器官系统,placeholder,4,2,sci-e-animal-features,,认识常见物体的基本外部特征，认识生活中常见的材料；知道生活中常见的力，认识力可以改变物体的形状。；能区分植物和动物的主要特征，并能对植物和动物进行简单分类；认识植物的某些结构、动物的某些结构与行为具有维持自身生存的功能。,data/trees/cn/elementary/science.json
elementary,science,生命科学,sci-e-nutrition-health,饮食、营养与健康,placeholder,5,2,sci-e-human-body-systems,,小学5年级学段目标：理解并掌握「饮食、营养与健康」的基本概念与方法；学业要求：能在真实情境中识别、运用「饮食、营养与健康」解决问题；活动建议：通过观察、实验、练习、讨论等方式深化对「饮食、营养与健康」的理解,data/trees/cn/elementary/science.json
elementary,science,生命科学,sci-e-disease-prevention,疾病预防与卫生习惯,placeholder,6,2,sci-e-nutrition-health,,小学6年级学段目标：理解并掌握「疾病预防与卫生习惯」的基本概念与方法；学业要求：能在真实情境中识别、运用「疾病预防与卫生习惯」解决问题；活动建议：通过观察、实验、练习、讨论等方式深化对「疾病预防与卫生习惯」的理解,data/trees/cn/elementary/science.json
elementary,science,地球与宇宙科学,sci-e-earth-surface-change,地表的变化（侵蚀、沉积、火山、地震）,placeholder,5,3,sci-e-rocks-soil,,小学5年级学段目标：理解并掌握「地表的变化（侵蚀、沉积、火山、地震）」的基本概念与方法；学业要求：能在真实情境中识别、运用「地表的变化（侵蚀、沉积、火山、地震）」解决问题；活动建议：通过观察、实验、练习、讨论等方式深化对「地表的变化（侵蚀、沉积、火山、地震）」的理解,data/trees/cn/elementary/science.json
elementary,science,地球与宇宙科学,sci-e-climate,气候与气候变化,placeholder,6,3,sci-e-seasons|sci-e-water-earth,,小学6年级学段目标：理解并掌握「气候与气候变化」的基本概念与方法；学业要求：能在真实情境中识别、运用「气候与气候变化」解决问题；活动建议：通过观察、实验、练习、讨论等方式深化对「气候与气候变化」的理解,data/trees/cn/elementary/science.json
elementary,science,地球与宇宙科学,sci-e-solar-system,太阳系,placeholder,6,3,sci-e-moon-phases,,知道太阳、地球和月球，知道它们之间的空间关系；知道地球系统由大气圈、水圈、土壤圈、岩石圈和生物圈等构成。；知道太阳、地球和月球的周期性运动以及相关的自然现象，能认识到太空探索拓宽了人类的视野。；知道不同层次的天体系统，认识地球所处的宇宙环境，能运用太阳、地球和月球的相对运动解释相关的自然现象。,data/trees/cn/elementary/science.json
elementary,science,地球与宇宙科学,sci-e-space-exploration,人类的航天探索,placeholder,6,3,sci-e-solar-system,,知道太阳、地球和月球的周期性运动以及相关的自然现象，能认识到太空探索拓宽了人类的视野。；知道不同层次的天体系统，认识地球所处的宇宙环境，能运用太阳、地球和月球的相对运动解释相关的自然现象，关注天文和航天事业的进展。,data/trees/cn/elementary/science.json
elementary,science,技术与工程,sci-e-tools-use,常见工具的使用,placeholder,1,1,sci-e-object-properties,,知道简单工具的功能和使用方法，能利用身边的材料和简单工具动手完成简单的任务，能发现作品中存在的问题并尝试提出解决方案。；掌握常见工具的使用方法；能拆开简单产品并复原，制作某种产品的简化实物模型并反映其中的部分科学原理；能发现作品的不足并进行改进。,data/trees/cn/elementary/science.json
elementary,science,技术与工程,sci-e-design-process,设计与制作（工程设计初步）,placeholder,3,2,sci-e-tools-use,,技术与工程实践能力体现在：了解技术与工程实践的一般过程和方法，针对实际需要明确问题，提出有创意的方案，并根据科学原理或限制条件进行筛选；实施计划，利用工具和材料进行加工制作；根据实际效果进行修改迭代；用自制的简单装置及实物模型验证或展示某些原理、现象和设想。；知道简单工程存在一定约束条件及验收标准。；能利用材料和工具，通过口述、绘画、画图等方式表达自己的想法。,data/trees/cn/elementary/science.json
elementary,science,技术与工程,sci-e-bridge-structure,结构与稳定性（搭建桥梁）,placeholder,4,2,sci-e-design-process,,知道常见简单科技产品的结构决定了其功能，知道简单的制作问题需要定义和界定。；能利用材料和工具，通过口述、绘画、画图等方式表达自己的想法。；知道简单工具的功能和使用方法，能利用身边的材料和简单工具动手完成简单的任务，能发现作品中存在的问题并尝试提出解决方案。,data/trees/cn/elementary/science.json
elementary,science,技术与工程,sci-e-simple-robot,简易机械玩具与机器人入门,placeholder,5,3,sci-e-design-process|sci-e-simple-machines,,技术与工程实践能力体现在：了解技术与工程实践的一般过程和方法，针对实际需要明确问题，提出有创意的方案，并根据科学原理或限制条件进行筛选；实施计划，利用工具和材料进行加工制作；根据实际效果进行修改迭代；用自制的简单装置及实物模型验证或展示某些原理、现象和设想。；掌握常见工具的使用方法；能拆开简单产品并复原，制作某种产品的简化实物模型并反映其中的科学原理；能发现作品的不足并进行改进。；知道简单工程存在一定约束条件及验收标准。,data/trees/cn/elementary/science.json
elementary,science,技术与工程,sci-e-sustainable-engineering,绿色工程与可持续发展,placeholder,6,3,sci-e-bridge-structure|sci-e-environment-protection,,热爱自然，具有节约资源、保护环境、推动生态文明建设和可持续发展的责任感。；知道人类生活离不开自然资源，能认识到节约自然资源和保护环境的重要性。；知道资源短缺、环境污染和生态破坏等问题及其原因，了解解决这些问题的措施，初步形成人地协调的观念。,data/trees/cn/elementary/science.json
high,chinese,语言文字运用,chn-h-idiom-usage-h,成语辨析与运用,gap,10,,,,语言积累、梳理与探究任务群旨在培养学生丰富语言积累、梳理语言现象的习惯，在观察、探索语言文字现象的过程中发现语言文字运用规律。；通过梳理和整合，将积累的语言材料和学习的语文知识结构化，将言语活动经验逐渐转化为具体的学习方法和策略，并能在语言实践中自觉地运用。；能够辨识、分析、比较、归纳和概括基本的语言现象，并能有理有据地表达自己的观点和阐述自己的发现；运用基本的语言规律和逻辑规则，判别语言运用的正误。,data/trees/cn/high/chinese.json
high,chinese,语言文字运用,chn-h-sentence-revision-h,病句修改与句式变换,gap,10,,chn-h-idiom-usage-h,,运用基本的语言规律和逻辑规则，判别语言运用的正误，准确、生动、有逻辑地表达自己的认识。；语言积累、梳理与探究任务群旨在通过观察、探索语言文字现象，发现语言文字运用规律，并能在实践中运用。,data/trees/cn/high/chinese.json
high,chinese,语言文字运用,chn-h-language-expression-h,语言表达简明连贯得体,gap,11,,chn-h-sentence-revision-h,,能凭借语感和对语言运用规律的把握，根据具体的语言情境和不同的对象，运用口头和书面语言文明得体地进行表达与交流。；运用基本的语言规律和逻辑规则，判别语言运用的正误，准确、生动、有逻辑地表达自己的认识。；讲究语言文字表达的效果及美感，具有创新意识。,data/trees/cn/high/chinese.json
high,chinese,现代文阅读,chn-h-info-reading,实用类文本（论述类/信息类）,gap,10,,,,学习任务群的设计着眼于培养语言文字运用基础能力，充分顾及问题导向、跨文化、自主合作、个性化、创造性等因素，并关注语言文字运用的新现象和跨媒介运用的新特点。；学习任务群以自主、合作、探究性学习为主要学习方式，凸显学生学习语文的根本途径。这些学习任务群追求语言、知识、技能和思想情感、文化修养等多方面、多层次目标发展的综合效应。,data/trees/cn/high/chinese.json
high,chinese,现代文阅读,chn-h-literary-reading-h,文学类文本阅读,gap,10,,chn-h-info-reading,,文学阅读与写作（2.5学分）；感受和体验文学作品的语言、形象和情感之美，能欣赏、鉴别和评价不同时代、不同风格的作品，具有正确的价值观、高尚的审美情趣和审美品位。；从最使自己感动的故事、人物、场景、语言等方面入手，反复阅读品味，深入探究，欣赏语言表达的精彩之处，梳理小说的感人场景乃至整体的艺术架构，理清人物关系，感受、欣赏人物形象，探究人物的精神世界，体会小说的主旨，研究小说的艺术价值。,data/trees/cn/high/chinese.json
high,chinese,现代文阅读,chn-h-practical-reading,非连续性实用文本,gap,10,,chn-h-info-reading,,必修课程7个：...'实用性阅读与交流'。；学习任务群的设计着眼于培养语言文字运用基础能力，...覆盖历来语文课程所包含的古今'实用类'...等基本语篇类型。；实用性阅读与交流（1学分）,data/trees/cn/high/chinese.json
high,chinese,现代文阅读,chn-h-literary-deep-analysis,文学类深度鉴赏,gap,11,,chn-h-literary-reading-h|chn-h-practical-reading,,鉴赏文学作品。感受和体验文学作品的语言、形象和情感之美，能欣赏、鉴别和评价不同时代、不同风格的作品，具有正确的价值观、高尚的审美情趣和审美品位。；审美鉴赏与创造是指学生在语文学习中，通过审美体验、评价等活动形成正确的审美意识、健康向上的审美情趣与鉴赏品位，并在此过程中逐步掌握表现美、创造美的方法。；从最使自己感动的故事、人物、场景、语言等方面入手，反复阅读品味，深入探究，欣赏语言表达的精彩之处，梳理小说的感人场景乃至整体的艺术架构，理清人物关系，感受、欣赏人物形象，探究人物的精神世界，体会小说的主旨，研究小说的艺术价值。,data/trees/cn/high/chinese.json
high,chinese,古诗文阅读,chn-h-classical-vocab-h,文言实词,gap,10,,,,语言积累与建构。积累较为丰富的语言材料和言语活动经验，形成良好的语感；在已经积累的语言材料间建立起有机的联系，在探究中理解、掌握祖国语言文字运用的基本规律。；语言梳理与整合。通过梳理和整合，将积累的语言材料和学习的语文知识结构化，将言语活动经验逐渐转化为具体的学习方法和策略，并能在语言实践中自觉地运用。；必修课程7个：“整本书阅读与研讨”“当代文化参与”“跨媒介阅读与交流”“语言积累、梳理与探究”“文学阅读与写作”“思辨性阅读与表达”“实用性阅读与交流”。,data/trees/cn/high/chinese.json
high,chinese,古诗文阅读,chn-h-classical-function-words,文言虚词,gap,10,,chn-h-classical-vocab-h,,语言积累、梳理与探究任务群要求：积累文言文阅读经验，梳理文言词语，掌握其意义和用法。；语言积累与建构目标：积累较为丰富的语言材料和言语活动经验，形成良好的语感；在探究中理解、掌握祖国语言文字运用的基本规律。；语言梳理与整合目标：通过梳理和整合，将积累的语言材料学习的语文知识结构化，将言语活动经验逐渐转化为具体的学习方法和策略。,data/trees/cn/high/chinese.json
high,chinese,古诗文阅读,chn-h-classical-grammar-h,文言句式与语法,gap,10,,chn-h-classical-function-words,,语言积累、梳理与探究任务群要求：在自主修改病句和分析句子结构的过程中，体会汉语句子的结构特点和虚词用法，进一步领悟语法规律。；语言积累、梳理与探究任务群要求：在运用口语和书面语表达的过程中，对比两种语体用词和造句的差别，体会口语与书面语的风格差异。；语言积累、梳理与探究任务群要求：反思和总结自己写作时遣词造句的经验，建构初步的逻辑和修辞知识，提高语用能力，增强表达的个性化。,data/trees/cn/high/chinese.json
high,chinese,古诗文阅读,chn-h-classical-translation-h,文言文翻译,gap,11,,chn-h-classical-grammar-h,,语言建构与运用是指学生在丰富的语言实践中，通过主动的积累、梳理和整合，逐步掌握祖国语言文字特点及其运用规律，形成个体言语经验，发展在具体语言情境中正确有效地运用祖国语言文字进行交流沟通的能力。；能凭借语感和对语言运用规律的把握，根据具体的语言情境和不同的对象，运用口头和书面语言文明得体地进行表达与交流；能将具体的语言文字作品置于特定的交际情境和历史文化情境中理解、分析和评价。；通过梳理和整合，将积累的语言材料和学习的语文知识结构化，将言语活动经验逐渐转化为具体的学习方法和策略，并能在语言实践中自觉地运用。,data/trees/cn/high/chinese.json
high,chinese,古诗文阅读,chn-h-classical-prose-advanced,古文经典精读,gap,11,,chn-h-classical-translation-h,,在阅读过程中，探索阅读整本书的门径，形成和积累自己阅读整本书的经验。重视学习前人的阅读经验，根据不同的阅读目的，综合运用精读、略读与浏览的方法阅读整本书，读懂文本，把握文本丰富的内涵和精髓。；阅读整本书，应以学生利用课内外时间自主阅读、撰写笔记、交流讨论为主，不以教师的讲解代替或限制学生的阅读与思考。教师的主要任务是提出专题学习目标，组织学习活动，引导学生深入思考、讨论与交流。；学生在反复阅读过程中，每读一遍，重点解决一两个问题，有些地方应仔细推敲，有些地方可以略读或浏览。阅读要有笔记，记下自己思考、探索、研究的心得。,data/trees/cn/high/chinese.json
high,chinese,古诗文阅读,chn-h-classical-comprehensive,文言文综合鉴赏,gap,12,,chn-h-classical-prose-advanced,,在阅读过程中，探索阅读整本书的门径，形成和积累自己阅读整本书的经验。重视学习前人的阅读经验，根据不同的阅读目的，综合运用精读、略读与浏览的方法阅读整本书，读懂文本，把握文本丰富的内涵和精髓。；能够辨识、分析、比较、归纳和概括基本的语言现象和文学现象，并能有理有据地表达自己的观点和阐述自己的发现；运用基本的语言规律和逻辑规则，判别语言运用的正误，准确、生动、有逻辑地表达自己的认识；运用批判性思维审视语言文字作品，探究和发现语言现象和文学现象，形成自己对语言和文学的认识。；感受和体验文学作品的语言、形象和情感之美，能欣赏、鉴别和评价不同时代、不同风格的作品，具有正确的价值观、高尚的审美情趣和审美品位。,data/trees/cn/high/chinese.json
high,chinese,古诗文阅读,chn-h-poetry-imagery-h,古诗词意象与意境,gap,10,,chn-h-classical-vocab-h,,鉴赏文学作品。感受和体验文学作品的语言、形象和情感之美，能欣赏、鉴别和评价不同时代、不同风格的作品。；审美鉴赏与创造是指学生在语文学习中，通过审美体验、评价等活动形成正确的审美意识、健康向上的审美情趣与鉴赏品位。；增进对祖国语言文字的美感体验。感受祖国语言文字独特的美，增强热爱祖国语言文字的感情。,data/trees/cn/high/chinese.json
high,chinese,古诗文阅读,chn-h-poetry-expression-h,古诗词表现手法,gap,10,,chn-h-poetry-imagery-h,,鉴赏文学作品。感受和体验文学作品的语言、形象和情感之美，能欣赏、鉴别和评价不同时代、不同风格的作品。；美的表达与创造。能运用祖国语言文字表达自己的审美体验，表达自己的情感、态度和观念，表现和创造自己心中的美好形象。；学习任务群的设计着眼于培养语言文字运用基础能力，充分顾及问题导向、跨文化、自主合作、个性化、创造性等因素。,data/trees/cn/high/chinese.json
high,chinese,古诗文阅读,chn-h-poetry-emotion,古诗词情感主旨,gap,11,,chn-h-poetry-expression-h,,鉴赏文学作品。感受和体验文学作品的语言、形象和情感之美，能欣赏、鉴别和评价不同时代、不同风格的作品。；审美鉴赏与创造是指学生在语文学习中，通过审美体验、评价等活动形成正确的审美意识、健康向上的审美情趣与鉴赏品位。,data/trees/cn/high/chinese.json
high,chinese,古诗文阅读,chn-h-poetry-comparison-h,古诗词比较阅读,gap,12,,chn-h-poetry-emotion,,鉴赏文学作品。感受和体验文学作品的语言、形象和情感之美，能欣赏、鉴别和评价不同时代、不同风格的作品。；学习任务群的设计着眼于培养语言文字运用基础能力，充分顾及问题导向、跨文化、自主合作、个性化、创造性等因素。；在语文学习中，通过审美体验、评价等活动形成正确的审美意识、健康向上的审美情趣与鉴赏品位。,data/trees/cn/high/chinese.json
high,chinese,写作,chn-h-essay-structure-h,作文审题立意与结构,gap,10,,,,能凭借语感和对语言运用规律的把握，根据具体的语言情境和不同的对象，运用口头和书面语言文明得体地进行表达与交流。；讲究语言文字表达的效果及美感，具有创新意识。；学习任务群的设计着眼于培养语言文字运用基础能力，充分顾及问题导向、跨文化、自主合作、个性化、创造性等因素。,data/trees/cn/high/chinese.json
high,chinese,写作,chn-h-argumentative-essay,议论文写作,gap,10,,chn-h-essay-structure-h|chn-h-info-reading,,思辨性阅读与表达（1.5学分）；发展逻辑思维。能够辨识、分析、比较、归纳和概括基本的语言现象和文学现象，并能有理有据地表达自己的观点和阐述自己的发现；运用基本的语言规律和逻辑规则，判别语言运用的正误，准确、生动、有逻辑地表达自己的认识。；学习任务群的设计着眼于培养语言文字运用基础能力，充分顾及问题导向、跨文化、自主合作、个性化、创造性等因素，并关注语言文字运用的新现象和跨媒介运用的新特点。,data/trees/cn/high/chinese.json
high,chinese,写作,chn-h-advanced-composition,高级写作技巧,gap,11,,chn-h-argumentative-essay,,语言表达与交流。能凭借语感和对语言运用规律的把握，根据具体的语言情境和不同的对象，运用口头和书面语言文明得体地进行表达与交流。；美的表达与创造。能运用祖国语言文字表达自己的审美体验，表达自己的情感、态度和观念，表现和创造自己心中的美好形象；讲究语言文字表达的效果及美感，具有创新意识。；发展逻辑思维。能够辨识、分析、比较、归纳和概括基本的语言现象和文学现象，并能有理有据地表达自己的观点和阐述自己的发现；运用基本的语言规律和逻辑规则，判别语言运用的正误，准确、生动、有逻辑地表达自己的认识。,data/trees/cn/high/chinese.json
high,chinese,写作,chn-h-task-driven-writing,任务驱动型作文,gap,11,,chn-h-advanced-composition,,学习任务群的设计着眼于培养语言文字运用基础能力，充分顾及问题导向、跨文化、自主合作、个性化、创造性等因素。；语文课程还应当适应当代社会的发展需要，为培养创新人才发挥重要作用。要引导学生在语言文字运用的过程中发现问题，培养探究意识和发现问题的敏感性，探求解决问题和语言表达的创新路径。；学习任务群以自主、合作、探究性学习为主要学习方式，凸显学生学习语文的根本途径。这些学习任务群追求语言、知识、技能和思想情感、文化修养等多方面、多层次目标发展的综合效应。,data/trees/cn/high/chinese.json
high,chinese,写作,chn-h-gaokao-essay,高考作文综合训练,gap,12,,chn-h-task-driven-writing,,学生通过阅读与鉴赏、表达与交流、梳理与探究等语文学习活动，在语言建构与运用、思维发展与提升、审美鉴赏与创造、文化传承与理解几个方面都获得进一步的发展。；能凭借语感和对语言运用规律的把握，根据具体的语言情境和不同的对象，运用口头和书面语言文明得体地进行表达与交流。；运用基本的语言规律和逻辑规则，判别语言运用的正误，准确、生动、有逻辑地表达自己的认识；运用批判性思维审视语言文字作品，探究和发现语言现象和文学现象。；能运用祖国语言文字表达自己的审美体验，表达自己的情感、态度和观念，表现和创造自己心中的美好形象；讲究语言文字表达的效果及美感，具有创新意识。,data/trees/cn/high/chinese.json
high,chinese,整本书阅读,chn-h-countryside-china,《乡土中国》（学术论著阅读）,gap,10,,chn-h-info-reading,,在指定范围内选择阅读一部学术著作。通读全书，勾画圈点，争取读懂；梳理全书大纲小目及其关联，做出全书内容提要；把握书中的重要观点和作品的价值取向。；通过反复阅读和思考，探究本书的语言特点和论述逻辑。；本任务群在必修阶段安排1学分，18课时。应完成一部长篇小说和一部学术著作的阅读，重在引导学生建构整本书的阅读经验与方法。；阅读整本书，应以学生利用课内外时间自主阅读、撰写笔记、交流讨论为主，不以教师的讲解代替或限制学生的阅读与思考。,data/trees/cn/high/chinese.json
high,chinese,整本书阅读,chn-h-red-chamber,《红楼梦》（长篇小说阅读）,gap,11,,chn-h-countryside-china|chn-h-literary-reading-h,,在指定范围内选择阅读一部长篇小说。通读全书，整体把握其思想内容和艺术特点。从最使自己感动的故事、人物、场景、语言等方面入手，反复阅读品味，深入探究。；梳理小说的感人场景乃至整体的艺术架构，理清人物关系，感受、欣赏人物形象，探究人物的精神世界，体会小说的主旨，研究小说的艺术价值。；联系个人经验，深入理解作品；享受读书的愉悦，从作品中汲取营养，丰富自己的精神世界，逐步形成正确的世界观、人生观和价值观。；阅读整本书，应以学生利用课内外时间自主阅读、撰写笔记、交流讨论为主，不以教师的讲解代替或限制学生的阅读与思考。,data/trees/cn/high/chinese.json
high,chinese,整本书阅读,chn-h-foreign-classics,外国文学经典,gap,12,,chn-h-red-chamber,,在指定范围内选择阅读一部长篇小说。通读全书，整体把握其思想内容和艺术特点。从最使自己感动的故事、人物、场景、语言等方面入手，反复阅读品味，深入探究，欣赏语言表达的精彩之处，梳理小说的感人场景乃至整体的艺术架构，理清人物关系，感受、欣赏人物形象，探究人物的精神世界，体会小说的主旨，研究小说的艺术价值。；利用书中的目录、序跋、注释等，学习检索作者信息、作品背景、相关评价等资料，深入研读作家作品。；联系个人经验，深入理解作品；享受读书的愉悦，从作品中汲取营养，丰富自己的精神世界，逐步形成正确的世界观、人生观和价值观。用自己的语言撰写全书梗概或提要、读书笔记与作品评介，通过口头、书面形式或其他媒介与他人分享。,data/trees/cn/high/chinese.json
high,english,词汇,eng-h-word-formation-h,构词法（派生/合成/转化）,gap,10,,,,语言知识涵盖语音知识、词汇知识、语法知识、语篇知识和语用知识，是构成语言能力的重要基础。；词汇知识包括词汇、词块、构词法等，学生应掌握构词法知识，如常用前缀、后缀、词根等，以扩大词汇量。,data/trees/cn/high/english.json
high,english,词汇,eng-h-vocab-3500,高中 3500 词汇,gap,11,,eng-h-word-formation-h,,语言知识涵盖语音知识、词汇知识、语法知识、语篇知识和语用知识，是构成语言能力的重要基础。；高考应以必修课程和选择性必修课程的内容以及学业质量水平二为命题主要依据。；学生在完成选择性必修课程的8学分后，方可参加高考。,data/trees/cn/high/english.json
high,english,词汇,eng-h-context-vocab,语境词义推断,gap,12,,eng-h-vocab-3500,,语言知识涵盖语音知识、词汇知识、语法知识、语篇知识和语用知识，是构成语言能力的重要基础。；学生基于语篇所开展的学习活动即是基于这些语言技能，理解语篇和对语篇作出回应的活动。；学生围绕某一具体的主题语境，基于不同类型的语篇，在解决问题的过程中，运用语言技能获取、梳理、整合语言知识和文化知识，深化对语言的理解。,data/trees/cn/high/english.json
high,english,语法,eng-h-tense-system,时态与语态系统,gap,10,,,,语言知识涵盖语音知识、词汇知识、语法知识、语篇知识和语用知识，是构成语言能力的重要基础。；语法知识是‘形式—意义—使用’的统一体，与语音、词汇、语篇和语用知识紧密相连，直接影响语言理解和表达的准确性和得体性。；在语篇中理解和运用过去、现在和将来时的被动语态。,data/trees/cn/high/english.json
high,english,语法,eng-h-noun-clauses,名词性从句,gap,10,,eng-h-tense-system,,语言知识涵盖语音知识、词汇知识、语法知识、语篇知识和语用知识，是构成语言能力的重要基础。；所有的语言学习活动都应该在一定的主题语境下进行，即学生围绕某一具体的主题语境，基于不同类型的语篇，在解决问题的过程中，运用语言技能获取、梳理、整合语言知识和文化知识，深化对语言的理解。,data/trees/cn/high/english.json
high,english,语法,eng-h-attributive-clauses-h,定语从句,gap,10,,eng-h-tense-system,,语言知识涵盖语音知识、词汇知识、语法知识、语篇知识和语用知识，是构成语言能力的重要基础。；语法知识是‘形式—意义—使用’的统一体，与语音、词汇、语篇和语用知识紧密相连，直接影响语言理解和表达的准确性和得体性。,data/trees/cn/high/english.json
high,english,语法,eng-h-adverbial-clauses-h,状语从句,gap,10,,eng-h-tense-system,,语言知识涵盖语音知识、词汇知识、语法知识、语篇知识和语用知识，是构成语言能力的重要基础。；所有的语言学习活动都应该在一定的主题语境下进行，即学生围绕某一具体的主题语境，基于不同类型的语篇，在解决问题的过程中，运用语言技能获取、梳理、整合语言知识和文化知识。,data/trees/cn/high/english.json
high,english,语法,eng-h-advanced-grammar,语法综合进阶,gap,10,,eng-h-adverbial-clauses-h,,语言知识涵盖语音知识、词汇知识、语法知识、语篇知识和语用知识，是构成语言能力的重要基础。；课程内容的六个要素是一个相互关联的有机整体，所有的语言学习活动都应该在一定的主题语境下进行。；学生基于语篇，在分析问题和解决问题的过程中，促进自身语言知识学习、语言技能发展。,data/trees/cn/high/english.json
high,english,语法,eng-h-non-finite-h,非谓语动词,gap,11,,eng-h-tense-system,,语言知识涵盖语音知识、词汇知识、语法知识、语篇知识和语用知识，是构成语言能力的重要基础。；所有的语言学习活动都应该在一定的主题语境下进行，即学生围绕某一具体的主题语境，基于不同类型的语篇，在解决问题的过程中，运用语言技能获取、梳理、整合语言知识和文化知识，深化对语言的理解。；语言能力目标：具有一定的语言意识和英语语感，在常见的具体语境中整合性地运用已有语言知识，理解口头和书面语篇所表达的意义。,data/trees/cn/high/english.json
high,english,语法,eng-h-subjunctive-mood,虚拟语气,gap,11,,eng-h-noun-clauses,,语言知识涵盖语音知识、词汇知识、语法知识、语篇知识和语用知识，是构成语言能力的重要基础。；语法知识是‘形式—意义—使用’的统一体，与语音、词汇、语篇和语用知识紧密相连，直接影响语言理解和表达的准确性和得体性。,data/trees/cn/high/english.json
high,english,语法,eng-h-special-sentences,特殊句式（倒装/强调/省略）,gap,12,,eng-h-non-finite-h|eng-h-attributive-clauses-h,,语言知识涵盖语音知识、词汇知识、语法知识、语篇知识和语用知识，是构成语言能力的重要基础。；语法知识是‘形式—意义—使用’的统一体，与语音、词汇、语篇和语用知识紧密相连，直接影响语言理解和表达的准确性和得体性。,data/trees/cn/high/english.json
high,english,阅读理解,eng-h-reading-detail-h,阅读细节题,gap,10,,eng-h-vocab-3500,,语言技能分理解性技能和表达性技能，具体包括听、说、读、看（viewing）、写等，学生基于语篇所开展的学习活动即是基于这些语言技能，理解语篇和对语篇作出回应的活动。；所有的语言学习活动都应该在一定的主题语境下进行，即学生围绕某一具体的主题语境，基于不同类型的语篇，在解决问题的过程中，运用语言技能获取、梳理、整合语言知识和文化知识，深化对语言的理解，重视对语篇的赏析。；语言能力指在社会情境中，以听、说、读、看、写等方式理解和表达意义的能力，以及在学习和使用语言的过程中形成的语言意识和语感。,data/trees/cn/high/english.json
high,english,阅读理解,eng-h-reading-inference-h,阅读推理题,gap,10,,eng-h-reading-detail-h,,语言技能分理解性技能和表达性技能，具体包括听、说、读、看（viewing）、写等，学生基于语篇所开展的学习活动即是基于这些语言技能，理解语篇和对语篇作出回应的活动。；思维品质指思维在逻辑性、批判性、创新性等方面所表现的能力和水平。思维品质的发展有助于提升学生分析和解决问题的能力，使他们能够从跨文化视角观察和认识世界，对事物作出正确的价值判断。；思维品质目标：能辨析语言和文化中的具体现象，梳理、概括信息，建构新概念，分析、推断信息的逻辑关系，正确评判各种思想观点，创造性地表达自己的观点。,data/trees/cn/high/english.json
high,english,阅读理解,eng-h-reading-purpose,阅读主旨与目的题,gap,11,,eng-h-reading-inference-h,,语言能力目标：在常见的具体语境中整合性地运用已有语言知识，理解口头和书面语篇所表达的意义，识别其恰当表意所采用的手段。；思维品质目标：能辨析语言和文化中的具体现象，梳理、概括信息，建构新概念，分析、推断信息的逻辑关系，正确评判各种思想观点。；英语学习活动观：使学生通过学习理解、应用实践、迁移创新等一系列活动，获取、阐释和评判语篇意义，表达个人观点、意图和情感态度。,data/trees/cn/high/english.json
high,english,阅读理解,eng-h-reading-7-choose-5,七选五语篇填空,gap,11,,eng-h-reading-purpose,,语篇类型包括口头和书面语篇以及不同的文体形式，如记叙文、说明文、议论文、应用文、访谈、对话等连续性文本，以及图表、图示、网页、广告、漫画等非连续性文本，为语言学习提供文体素材。；语言技能分理解性技能和表达性技能，具体包括听、说、读、看（viewing）、写等，学生基于语篇所开展的学习活动即是基于这些语言技能，理解语篇和对语篇作出回应的活动。；所有的语言学习活动都应该在一定的主题语境下进行，即学生围绕某一具体的主题语境，基于不同类型的语篇，在解决问题的过程中，运用语言技能获取、梳理、整合语言知识和文化知识，深化对语言的理解，重视对语篇的赏析，比较和探究文化内涵，汲取文化精华。,data/trees/cn/high/english.json
high,english,阅读理解,eng-h-reading-comprehension-advanced,高阶阅读综合,gap,12,,eng-h-reading-7-choose-5|eng-h-advanced-grammar,,学生通过学习理解、应用实践、迁移创新等一系列融语言、文化、思维为一体的活动，获取、阐释和评判语篇意义。；思维品质指思维在逻辑性、批判性、创新性等方面所表现的能力和水平。思维品质的发展有助于提升学生分析和解决问题的能力。；能辨析语言和文化中的具体现象，梳理、概括信息，建构新概念，分析、推断信息的逻辑关系，正确评判各种思想观点，创造性地表达自己的观点。,data/trees/cn/high/english.json
high,english,完形填空,eng-h-cloze-narrative,完形填空（记叙型）,gap,10,,eng-h-vocab-3500,,语篇类型包括口头和书面语篇以及不同的文体形式，如记叙文、说明文、议论文、应用文、访谈、对话等连续性文本。；语言技能分理解性技能和表达性技能，具体包括听、说、读、看、写等，学生基于语篇所开展的学习活动即是基于这些语言技能，理解语篇和对语篇作出回应的活动。；所有的语言学习活动都应该在一定的主题语境下进行，即学生围绕某一具体的主题语境，基于不同类型的语篇，在解决问题的过程中，运用语言技能获取、梳理、整合语言知识和文化知识。,data/trees/cn/high/english.json
high,english,完形填空,eng-h-cloze-comprehensive,完形填空综合,gap,11,,eng-h-cloze-narrative|eng-h-context-vocab,,语言技能分理解性技能和表达性技能，具体包括听、说、读、看（viewing）、写等，学生基于语篇所开展的学习活动即是基于这些语言技能，理解语篇和对语篇作出回应的活动。；所有的语言学习活动都应该在一定的主题语境下进行，即学生围绕某一具体的主题语境，基于不同类型的语篇，在解决问题的过程中，运用语言技能获取、梳理、整合语言知识和文化知识，深化对语言的理解，重视对语篇的赏析。；英语学习活动观是指学生在主题意义引领下，通过学习理解、应用实践、迁移创新等一系列体现综合性、关联性和实践性等特点的英语学习活动，使学生基于已有的知识，依托不同类型的语篇，在分析问题和解决问题的过程中，促进自身语言知识学习、语言技能发展、文化内涵理解、多元思维发展、价值取向判断和学习策略运用。,data/trees/cn/high/english.json
high,english,写作,eng-h-application-letter,应用文写作（书信/邮件）,gap,10,,eng-h-tense-system,,语篇类型包括口头和书面语篇以及不同的文体形式，如记叙文、说明文、议论文、应用文、访谈、对话等连续性文本。；语言技能分理解性技能和表达性技能，具体包括听、说、读、看、写等，学生基于语篇所开展的学习活动即是基于这些语言技能，理解语篇和对语篇作出回应的活动。,data/trees/cn/high/english.json
high,english,写作,eng-h-essay-writing,议论文/记叙文写作,gap,10,,eng-h-application-letter|eng-h-advanced-grammar,,语言能力指在社会情境中，以听、说、读、看、写等方式理解和表达意义的能力。；语言技能分理解性技能和表达性技能，具体包括听、说、读、看（viewing）、写等。；使学生基于已有的知识，依托不同类型的语篇，在分析问题和解决问题的过程中，促进自身语言知识学习、语言技能发展。,data/trees/cn/high/english.json
high,english,写作,eng-h-continuation-writing,读后续写,gap,11,,eng-h-essay-writing|eng-h-attributive-clauses-h,,语言技能分理解性技能和表达性技能，具体包括听、说、读、看（viewing）、写等，学生基于语篇所开展的学习活动即是基于这些语言技能，理解语篇和对语篇作出回应的活动。；尝试运用所学语言创造性地表达个人意图、观点和态度，并通过运用各种学习策略，提高理解和表达的效果。；英语学习活动观是指学生在主题意义引领下，通过学习理解、应用实践、迁移创新等一系列体现综合性、关联性和实践性等特点的英语学习活动。,data/trees/cn/high/english.json
high,english,写作,eng-h-summary-writing,概要写作,gap,12,,eng-h-continuation-writing|eng-h-reading-purpose,,语言技能分理解性技能和表达性技能，具体包括听、说、读、看（viewing）、写等，学生基于语篇所开展的学习活动即是基于这些语言技能，理解语篇和对语篇作出回应的活动。；学生围绕某一具体的主题语境，基于不同类型的语篇，在解决问题的过程中，运用语言技能获取、梳理、整合语言知识和文化知识，深化对语言的理解，重视对语篇的赏析，比较和探究文化内涵，汲取文化精华；同时，尝试运用所学语言创造性地表达个人意图、观点和态度。；语言能力指在社会情境中，以听、说、读、看、写等方式理解和表达意义的能力，以及在学习和使用语言的过程中形成的语言意识和语感。,data/trees/cn/high/english.json
high,english,听力,eng-h-listening-short-h,短对话听力,gap,10,,,,语言技能分理解性技能和表达性技能，具体包括听、说、读、看（viewing）、写等，学生基于语篇所开展的学习活动即是基于这些语言技能，理解语篇和对语篇作出回应的活动。；语言能力指在社会情境中，以听、说、读、看、写等方式理解和表达意义的能力，以及在学习和使用语言的过程中形成的语言意识和语感。；语篇类型包括口头和书面语篇以及不同的文体形式，如记叙文、说明文、议论文、应用文、访谈、对话等连续性文本。,data/trees/cn/high/english.json
high,english,听力,eng-h-listening-long-h,长对话与独白听力,gap,11,,eng-h-listening-short-h|eng-h-adverbial-clauses-h,,语篇类型包括口头和书面语篇以及不同的文体形式，如记叙文、说明文、议论文、应用文、访谈、对话等连续性文本。；语言技能分理解性技能和表达性技能，具体包括听、说、读、看（viewing）、写等，学生基于语篇所开展的学习活动即是基于这些语言技能，理解语篇和对语篇作出回应的活动。,data/trees/cn/high/english.json
high,history,中国古代史,hist-h-ancient-civ,中华文明起源（史前·新石器）,gap,10,,,,通过了解石器时代中国境内有代表性的文化遗存，认识它们与中华文明起源以及私有制、阶级和国家产生的关系。；早期中华文明：通过了解石器时代中国境内有代表性的文化遗存，认识它们与中华文明起源以及私有制、阶级和国家产生的关系。,data/trees/cn/high/history.json
high,history,中国古代史,hist-h-early-state,中华文明的起源与早期国家,gap,10,,hist-h-ancient-civ,,通过了解石器时代中国境内有代表性的文化遗存，认识它们与中华文明起源以及私有制、阶级和国家产生的关系。；通过甲骨文、青铜铭文及其他文献记载，了解私有制、阶级和早期国家的特征。,data/trees/cn/high/history.json
high,history,中国古代史,hist-h-pre-qin,先秦（夏商周·春秋战国）,gap,10,,hist-h-early-state,,通过了解夏商周的更替，认识中华文明的早期发展特征。；通过了解春秋战国时期的经济发展和政治变动，理解战国变法运动的必然性。；通过了解百家争鸣的局面，认识这一时期的思想繁荣及其对后世的深远影响。,data/trees/cn/high/history.json
high,history,中国古代史,hist-h-feudal-system,秦汉统一与中央集权制度,gap,10,,hist-h-pre-qin,,通过了解秦朝的统一业绩和汉朝削藩、开疆拓土、尊崇儒术等举措，认识统一多民族封建国家的建立及巩固在中国历史上的意义。；通过了解秦汉时期的社会矛盾和农民起义，认识秦朝崩溃和两汉衰亡的原因。,data/trees/cn/high/history.json
high,history,中国古代史,hist-h-qin-han-empire,秦汉帝国,gap,10,,hist-h-feudal-system,,通过了解秦朝的统一业绩和汉朝削藩、开疆拓土、尊崇儒术等举措，认识统一多民族封建国家的建立及巩固在中国历史上的意义。；通过了解秦汉时期的社会矛盾和农民起义，认识秦朝崩溃和两汉衰亡的原因。,data/trees/cn/high/history.json
high,history,中国古代史,hist-h-wei-jin-tang,三国两晋南北朝与隋唐,gap,10,,hist-h-imperial-system,,通过了解三国两晋南北朝政权更迭的历史脉络，隋唐时期封建社会的高度繁荣，认识三国两晋南北朝至隋唐时期的制度变化与创新、民族交融、区域开发和思想文化领域的新成就。,data/trees/cn/high/history.json
high,history,中国古代史,hist-h-ancient-economy,古代经济（农业/手工业/商业）,gap,10,,hist-h-song-yuan-ming-qing-h,,通过了解春秋战国时期的经济发展和政治变动，理解战国时期变法运动的必然性。；通过了解明清时期社会经济、思想文化的重要变化；通过了解明清时期封建专制的发展、世界的变化对中国的影响，认识中国社会面临的危机。,data/trees/cn/high/history.json
high,history,中国古代史,hist-h-ancient-culture,中国古代思想文化,gap,10,,hist-h-song-yuan-ming-qing-h,,通过了解甲骨文、青铜铭文及其他文献记载，了解私有制、阶级和早期国家的特征。；通过了解春秋战国时期的经济发展和政治变动，理解战国时期变法运动的必然性；了解老子、孔子学说；通过孟子、荀子、庄子等了解“百家争鸣”的局面及其意义。；了解并认同中华优秀传统文化、革命文化、社会主义先进文化，了解中国各个历史时期的英雄人物，传承民族气节、崇尚英雄气概，认识中华文明的历史价值和现实意义。,data/trees/cn/high/history.json
high,history,中国古代史,hist-h-ancient-thought,古代思想文化（儒/道/法/佛）,gap,10,,hist-h-ancient-culture,,通过了解春秋战国时期的经济发展和政治变动，理解战国时期变法运动的必然性；了解老子、孔子学说；通过孟子、荀子、庄子等了解“百家争鸣”的局面及其意义。；了解并认同中华优秀传统文化、革命文化、社会主义先进文化，了解中国各个历史时期的英雄人物，传承民族气节、崇尚英雄气概，认识中华文明的历史价值和现实意义。,data/trees/cn/high/history.json
high,history,中国近现代史,hist-h-opium-war-h,鸦片战争与近代中国,gap,10,,hist-h-ancient-thought,,认识列强侵华对中国社会的影响，概述晚清时期中国人民反抗外来侵略的斗争事迹，理解其性质和意义；认识社会各阶级为挽救危局所作的努力及存在的局限性。；通过了解明清时期封建专制的发展、世界的变化对中国的影响，认识中国社会面临的危机。,data/trees/cn/high/history.json
high,history,中国近现代史,hist-h-semi-colonial,半殖民地半封建社会的形成,gap,10,,hist-h-opium-war-h,,认识列强侵华对中国社会的影响，概述晚清时期中国人民反抗外来侵略的斗争事迹，理解其性质和意义；认识社会各阶级为挽救危局所作的努力及存在的局限性。；通过了解鸦片战争、甲午中日战争、八国联军侵华等重大事件，理解近代中国半殖民地半封建社会形成的历史进程。,data/trees/cn/high/history.json
high,history,中国近现代史,hist-h-reform-revolution-h,戊戌变法与辛亥革命,gap,10,,hist-h-semi-colonial,,认识列强侵华对中国社会的影响，概述晚清时期中国人民反抗外来侵略的斗争事迹，理解其性质和意义；认识社会各阶级为挽救危局所作的努力及存在的局限性。；了解孙中山三民主义的基本内容，理解辛亥革命与中华民国建立对中国结束帝制、建立民国的意义及局限性；了解北洋军阀的统治及特点。,data/trees/cn/high/history.json
high,history,中国近现代史,hist-h-xinhai-modern,辛亥革命与民国建立,gap,10,,hist-h-reform-revolution-h,,了解孙中山三民主义的基本内容，理解辛亥革命与中华民国建立对中国结束帝制、建立民国的意义及局限性。；了解北洋军阀的统治及特点。,data/trees/cn/high/history.json
high,history,中国近现代史,hist-h-new-democracy,新民主主义革命,gap,10,,hist-h-xinhai-modern,,认识五四爱国运动的历史意义，认识马克思主义在中国的传播与中国共产党成立对中国革命的深远影响；认识国共合作领导国民革命的历史作用；了解南京国民政府的成立；认识中国共产党开辟革命新道路的意义；认识红军长征的意义。；通过了解全面内战的爆发及人民解放战争的进程，分析国民党政权在大陆统治灭亡的原因，探讨中国共产党领导人民取得中国革命胜利的原因和意义。,data/trees/cn/high/history.json
high,history,中国近现代史,hist-h-prc-establishment,中华人民共和国成立,gap,11,,hist-h-new-democracy,,认识中华人民共和国成立的伟大意义；概述新中国巩固人民政权的主要举措；认识新中国为民主政治建设和向社会主义过渡所作出的努力。；了解20世纪50—70年代中国探索社会主义建设道路的曲折发展和伟大成就，认识“文化大革命”的错误及教训；理解政治、经济、外交、国防等领域所取得的成就在新中国历史上所具有的开创性、奠基性意义。,data/trees/cn/high/history.json
high,history,中国近现代史,hist-h-reform-opening,改革开放,gap,11,,hist-h-prc-establishment,,认识真理标准问题讨论和党的十一届三中全会的历史意义；认识改革开放以来中国在各个领域取得的成就、综合国力及国际影响力的不断提高。；认识邓小平理论对建设中国特色社会主义的重要指导意义；认识中国特色社会主义进入新时代的重大意义，认清我国发展新的历史方位。,data/trees/cn/high/history.json
high,history,世界古代中世纪史,hist-h-medieval-h,中古时期（欧洲/亚洲/非洲美洲）,gap,11,,hist-h-classical-civ,,本课程以通史的叙事框架，展示中国历史和世界历史发展的基本过程。；马克思主义根据人类社会生产力与生产关系基本矛盾的不同性质，把人类历史发展分为原始社会、奴隶社会、封建社会、资本主义社会和共产主义社会几种社会形态。；展现人类发展进程中丰富的历史文化遗产，以及人类社会从古至今、从分散到整体、社会形态从低级到高级的发展历程。,data/trees/cn/high/history.json
high,history,世界近现代史,hist-h-age-of-exploration,新航路开辟与殖民扩张,gap,11,,hist-h-medieval-h,,本课程以马克思主义为指导，通过对中外重大历史事件、历史人物和历史现象的叙述，展现人类发展进程中丰富的历史文化遗产，以及人类社会从古至今、从分散到整体、社会形态从低级到高级的发展历程。；了解世界历史发展的多样性，理解和尊重世界各国各地区的文化传统，拓宽国际视野，形成开放的世界意识。,data/trees/cn/high/history.json
high,history,世界近现代史,hist-h-enlightenment,文艺复兴、宗教改革与启蒙运动,gap,11,,hist-h-age-of-exploration,,本课程以马克思主义为指导，通过对中外重大历史事件、历史人物和历史现象的叙述，展现人类发展进程中丰富的历史文化遗产，以及人类社会从古至今、从分散到整体、社会形态从低级到高级的发展历程。；马克思主义根据人类社会生产力与生产关系基本矛盾的不同性质，把人类历史发展分为原始社会、奴隶社会、封建社会、资本主义社会和共产主义社会几种社会形态。,data/trees/cn/high/history.json
high,history,世界近现代史,hist-h-bourgeois-revolution,资产阶级革命与资本主义制度确立,gap,11,,hist-h-enlightenment,,了解英国资产阶级革命、美国独立战争和法国大革命的历史背景与过程，理解资产阶级革命的共同特征与差异。；认识资本主义制度确立的历史意义，理解君主立宪制与民主共和制的基本特征。；了解资本主义制度在世界范围内的扩展，认识其对人类社会发展的深远影响。,data/trees/cn/high/history.json
high,history,世界近现代史,hist-h-marxism-russian,马克思主义与俄国革命,gap,11,,hist-h-industrial-rev-h,,马克思主义根据人类社会生产力与生产关系基本矛盾的不同性质，把人类历史发展分为原始社会、奴隶社会、封建社会、资本主义社会和共产主义社会几种社会形态。；认识五四爱国运动的历史意义，认识马克思主义在中国的传播与中国共产党成立对中国革命的深远影响。,data/trees/cn/high/history.json
high,history,世界近现代史,hist-h-colonialism-liberation,世界殖民体系与亚非拉民族独立运动,gap,11,,hist-h-marxism-russian,,了解西方列强对亚非拉地区的殖民扩张，认识世界殖民体系的形成过程及其对殖民地半殖民地社会的影响。；了解拉丁美洲独立运动、亚洲觉醒和非洲抗争的基本史实，认识亚非拉民族独立运动的历史意义。；认识殖民体系的形成与瓦解是世界历史发展的重要线索之一。,data/trees/cn/high/history.json
high,history,世界近现代史,hist-h-two-world-wars,两次世界大战,gap,12,,hist-h-colonialism-liberation,,了解第一次世界大战爆发的背景与帝国主义国家间的矛盾，理解战争对世界格局的深远影响和凡尔赛—华盛顿体系的形成。；了解日本军国主义的侵华罪行；通过了解正面战场和敌后战场的抗战，认识中国战场是世界反法西斯战争的东方主战场，理解十四年抗战胜利在中华民族伟大复兴中的历史意义。；了解雅尔塔体系与战后国际秩序的重建，理解联合国成立等机制对维护战后和平的意义。,data/trees/cn/high/history.json
high,history,世界近现代史,hist-h-globalization-h,全球化与多极化,gap,12,,hist-h-cold-war-h,,了解世界历史发展的多样性，理解和尊重世界各国、各民族的文化传统，具有广阔的国际视野，树立正确的文化观。；通过中外历史上重要的事件、人物和现象，展现人类社会从古至今、从分散到整体、从低级到高级的发展历程。；拓宽国际视野，形成开放的世界意识。,data/trees/cn/high/history.json
high,history,专题史（选择性必修）,hist-h-political-system-evolution,中外政治制度演变,gap,11,,hist-h-song-yuan-ming-qing-h,,历史选择性必修课程是学生根据个人兴趣、升学需求而选择修习的课程，设《国家制度与社会治理》《经济与社会生活》和《文化交流与传播》三个模块。；选择性必修课程采取专题史方式，旨在让学生从多角度进一步了解人类历史的发展。；《国家制度与社会治理》模块由若干学习专题构成，在各专题下的具体内容依照时序进行表述，呈现中外历史多方面的重要内容，引领学生从政治、经济与社会生活、文化等不同视角深入认识历史。,data/trees/cn/high/history.json
high,history,专题史（选择性必修）,hist-h-economic-history,经济史与社会生活,gap,11,,hist-h-industrial-rev-h,,历史选择性必修课程是学生根据个人兴趣、升学需求而选择修习的课程，设《国家制度与社会治理》《经济与社会生活》和《文化交流与传播》三个模块。；选择性必修课程和选修课程采取专题史方式，旨在让学生从多角度进一步了解人类历史的发展。；《经济与社会生活》模块由若干学习专题构成，在各专题下的具体内容依照时序进行表述，呈现中外历史多方面的重要内容，引领学生从经济与社会生活视角深入认识历史。,data/trees/cn/high/history.json
high,history,专题史（选择性必修）,hist-h-cultural-thought-history,文化史与思想史,gap,12,,hist-h-ancient-culture|hist-h-enlightenment,,通过了解春秋战国时期的经济发展和政治变动，理解战国时期变法运动的必然性；了解老子、孔子学说；通过孟子、荀子、庄子等了解“百家争鸣”的局面及其意义。；通过了解三国两晋南北朝政权更迭的历史脉络，隋唐时期封建社会的高度繁荣，认识三国两晋南北朝至隋唐时期的制度变化与创新、民族交融、区域开发和思想文化领域的新成就。；了解明清时期社会经济、思想文化的重要变化；通过了解明清时期封建专制的发展、世界的变化对中国的影响，认识中国社会面临的危机。,data/trees/cn/high/history.json
high,history,专题史（选择性必修）,hist-h-ideological-liberation,思想解放潮流,gap,12,,hist-h-enlightenment,,概述新文化运动的主要内容，探讨其对近代中国思想解放的影响。；认识五四爱国运动的历史意义，认识马克思主义在中国的传播与中国共产党成立对中国革命的深远影响。；认识真理标准问题讨论和党的十一届三中全会的历史意义。,data/trees/cn/high/history.json
high,history,专题史（选择性必修）,hist-h-reform-comparison,中外改革比较,gap,12,,hist-h-reform-opening,,高中12年级学段目标：理解并掌握「中外改革比较」的基本概念与方法；学业要求：能在真实情境中识别、运用「中外改革比较」解决问题；活动建议：通过观察、实验、练习、讨论等方式深化对「中外改革比较」的理解,data/trees/cn/high/history.json
high,info-tech,算法,it-h-recursion,递归与分治,gap,11,,it-h-algorithm-concept|it-h-sorting-searching,,从生活实例出发，概述算法的概念与特征，运用恰当的描述方法和控制结构表示简单算法。；掌握一种程序设计语言的基本知识，使用程序设计语言实现简单算法。；依据解决问题的需要，设计和表示简单算法；掌握一种程序设计语言的基本知识，利用程序设计语言实现简单算法，解决实际问题。,data/trees/cn/high/info-tech.json
high,info-tech,网络与信息安全,it-h-network-basics,计算机网络基础（TCP/IP）,gap,10,,it-h-programming-basics,,观察日常生活中的信息系统，理解计算机网络在信息系统中的作用，通过组建小型无线网络，了解常见网络设备的功能，知道接入方式、带宽等因素对信息系统的影响。；通过组建小型无线网络，了解常见网络设备的功能，知道接入方式、带宽等因素对信息系统的影响。,data/trees/cn/high/info-tech.json
high,info-tech,网络与信息安全,it-h-internet-applications,互联网应用（HTTP/Web/邮件）,gap,10,,it-h-network-basics,,观察日常生活中的信息系统，理解计算机网络在信息系统中的作用，通过组建小型无线网络，了解常见网络设备的功能，知道接入方式、带宽等因素对信息系统的影响。；通过分析典型的信息系统，知道信息系统的组成与功能，理解计算机、移动终端在信息系统中的作用，描述计算机和移动终端的基本工作原理。；探讨信息技术对社会发展、科技进步以及人们生活、工作与学习的影响，描述信息社会的特征，了解信息技术的发展趋势。,data/trees/cn/high/info-tech.json
high,info-tech,网络与信息安全,it-h-information-security,信息安全与隐私保护,gap,10,,it-h-internet-applications,,2.5 通过分析信息系统应用实例，了解信息系统安全的基本方法和措施，认识信息安全的重要性。；具备信息社会责任的学生，具有一定的信息安全意识与能力，能够遵守信息法律法规，信守信息社会的道德与伦理准则。；理解信息安全对当今社会的影响，能安全、守法地应用信息系统。,data/trees/cn/high/info-tech.json
high,math,函数,math-h-functions-advanced,函数综合性质,gap,10,,math-h-logarithmic-function|math-h-power-function,,内容包括：函数概念与性质、幂函数、指数函数、对数函数、三角函数、函数应用。；高中数学课程内容突出函数、几何与代数、概率与统计、数学建模活动与数学探究活动四条主线。；用函数理解方程和不等式是数学的基本思想方法。本单元的学习，可以帮助学生用一元二次函数认识一元二次方程和一元二次不等式。,data/trees/cn/high/math.json
high,math,三角函数,math-h-trigonometric-functions,三角函数综合应用,gap,10,,math-h-trig-graphs,,内容包括：函数概念与性质、幂函数、指数函数、对数函数、三角函数、函数应用。；三角函数是必修课程主题二“函数”中的一个单元。,data/trees/cn/high/math.json
high,math,三角函数,math-h-trigonometry-solution,解三角形,gap,11,,math-h-law-of-sines-cosines,,必修课程包括五个主题，分别是预备知识、函数、几何与代数、概率与统计、数学建模活动与数学探究活动。；三角函数是描述周期现象的重要数学模型，在数学和其他领域中都有广泛的应用。；通过三角函数的学习，学生能理解三角函数是刻画现实世界周期变化现象的数学模型。,data/trees/cn/high/math.json
high,math,解析几何,math-h-analytic-geometry,解析几何综合,gap,11,,math-h-circle-equation,,高中数学课程内容突出函数、几何与代数、概率与统计、数学建模活动与数学探究活动四条主线，它们贯穿必修、选择性必修和选修课程。；直观想象是指借助几何直观和空间想象感知事物的形态与变化，利用空间形式特别是图形，理解和解决数学问题的素养。；几何与代数主题包括平面向量及其应用、复数、立体几何初步等内容。,data/trees/cn/high/math.json
middle,english,语音与拼写,eng-m-ipa-transcription,国际音标（IPA）,gap,7,,,,音标是初中阶段需要学习的语音知识内容。要帮助学生学习和掌握音标，借助音标准确读出和记忆单词，为学生开展自主学习奠定基础。；就语音知识而言，要让学生学会根据重音、意群、语调与节奏等语音方面的变化，感知说话人表达的不同意义...并进行模仿、练习和内化，学会运用语音知识更好地表达自己的意图和态度。,data/trees/cn/middle/english.json
middle,english,词汇与语块,eng-m-word-formation-en,构词法（前缀/后缀/合成）,gap,8,,eng-m-curriculum-vocabulary,,指导学生借助构词法知识和词典、词表等工具学习词语，大胆使用新的词块自主表达意义、解决新问题。；尽量以词块的形式呈现生词，引导学生关注词语的搭配和固定的表达方式，并在围绕主题意义建构结构化知识的过程中，提炼词语的搭配和固定表达方式，构建词汇语义网，积累词块，扩大词汇量。；能借助基本的构词法知识推测语篇中生词的含义，辅助理解语篇内容。,data/trees/cn/middle/english.json
middle,english,词汇与语块,eng-m-theme-vocabulary,主题词汇（校园/家庭/社会/自然）,gap,8,,eng-m-curriculum-vocabulary,,尽量以词块的形式呈现生词，引导学生关注词语的搭配和固定的表达方式，并在围绕主题意义建构结构化知识的过程中，提炼词语的搭配和固定表达方式，构建词汇语义网，积累词块，扩大词汇量。；指导学生借助构词法知识和词典、词表等工具学习词语，大胆使用新的词块自主表达意义、解决新问题。；引导学生围绕主题使用思维导图梳理词汇。,data/trees/cn/middle/english.json
middle,english,词汇与语块,eng-m-phrasal-verbs,动词短语,gap,9,,eng-m-word-formation-en|eng-m-theme-vocabulary,,尽量以词块的形式呈现生词，引导学生关注词语的搭配和固定的表达方式，并在围绕主题意义建构结构化知识的过程中，提炼词语的搭配和固定表达方式，构建词汇语义网，积累词块，扩大词汇量。；指导学生借助构词法知识和词典、词表等工具学习词语，大胆使用新的词块自主表达意义、解决新问题。,data/trees/cn/middle/english.json
middle,english,语法与句法,eng-m-nouns-articles,名词、代词与冠词,gap,7,,eng-m-curriculum-vocabulary,,就语法知识而言，要帮助学生建立以语言运用为导向的“形式—意义—使用”语法观，引导学生在理解主题意义的基础上，认识到语法形式的选择取决于具体语境。；重视在语境中呈现新的语法知识，指导学生在语境中观察和归纳所学语法的使用场合、表达形式、基本意义、使用规则和语用功能。；根据学生的实际需求，选择和设计既有层次又强调整合的不同类型的练习和活动，巩固所学语法知识，引导学生在语境中学会应用语法知识准确地理解他人和得体地表达自己。,data/trees/cn/middle/english.json
middle,english,语法与句法,eng-m-tenses-present,一般现在时与现在进行时,gap,7,,eng-m-nouns-articles,,就语法知识而言，要帮助学生建立以语言运用为导向的“形式—意义—使用”语法观，引导学生在理解主题意义的基础上，认识到语法形式的选择取决于具体语境。；重视在语境中呈现新的语法知识，指导学生在语境中观察和归纳所学语法的使用场合、表达形式、基本意义、使用规则和语用功能。；根据学生的实际需求，选择和设计既有层次又强调整合的不同类型的练习和活动，巩固所学语法知识，引导学生在语境中学会应用语法知识准确地理解他人和得体地表达自己。,data/trees/cn/middle/english.json
middle,english,语法与句法,eng-m-tenses-past,一般过去时与过去进行时,gap,7,,eng-m-tenses-present,,就语法知识而言，要帮助学生在语境中观察和归纳所学语法的使用场合、表达形式、基本意义、使用规则和语用功能。；引导学生根据正式或非正式场合，选择得体的方式进行沟通与交流。；能选用正确的词语、句式和时态，通过口语或书面语篇描述、介绍人和事物，表达个人看法，表意清晰，话语基本通顺。,data/trees/cn/middle/english.json
middle,english,语法与句法,eng-m-tenses-future,一般将来时与过去将来时,gap,8,,eng-m-tenses-present,,就语法知识而言，要帮助学生建立以语言运用为导向的‘形式—意义—使用’语法观，引导学生在理解主题意义的基础上，认识到语法形式的选择取决于具体语境。；重视在语境中呈现新的语法知识，指导学生在语境中观察和归纳所学语法的使用场合、表达形式、基本意义、使用规则和语用功能。；根据学生的实际需求，选择和设计既有层次又强调整合的不同类型的练习和活动，巩固所学语法知识，引导学生在语境中学会应用语法知识准确地理解他人和得体地表达自己。,data/trees/cn/middle/english.json
middle,english,语法与句法,eng-m-modal-verbs,情态动词（can/may/must/should）,gap,8,,eng-m-tenses-present,,就语法知识而言，要帮助学生建立以语言运用为导向的‘形式—意义—使用’语法观，引导学生在理解主题意义的基础上，认识到语法形式的选择取决于具体语境。；重视在语境中呈现新的语法知识，指导学生在语境中观察和归纳所学语法的使用场合、表达形式、基本意义、使用规则和语用功能。；根据学生的实际需求，选择和设计既有层次又强调整合的不同类型的练习和活动，巩固所学语法知识，引导学生在语境中学会应用语法知识准确地理解他人和得体地表达自己。,data/trees/cn/middle/english.json
middle,english,语法与句法,eng-m-tenses-perfect,现在完成时与过去完成时,gap,8,,eng-m-tenses-past|eng-m-tenses-future,,就语法知识而言，要帮助学生建立以语言运用为导向的“形式—意义—使用”语法观，引导学生在理解主题意义的基础上，认识到语法形式的选择取决于具体语境。；重视在语境中呈现新的语法知识，指导学生在语境中观察和归纳所学语法的使用场合、表达形式、基本意义、使用规则和语用功能。；根据学生的实际需求，选择和设计既有层次又强调整合的不同类型的练习和活动，巩固所学语法知识，引导学生在语境中学会应用语法知识准确地理解他人和得体地表达自己。,data/trees/cn/middle/english.json
middle,english,语法与句法,eng-m-passive-voice,被动语态,gap,8,,eng-m-tenses-perfect|eng-m-modal-verbs,,就语法知识而言，要帮助学生建立以语言运用为导向的“形式—意义—使用”语法观，引导学生在理解主题意义的基础上，认识到语法形式的选择取决于具体语境。；重视在语境中呈现新的语法知识，指导学生在语境中观察和归纳所学语法的使用场合、表达形式、基本意义、使用规则和语用功能。；根据学生的实际需求，选择和设计既有层次又强调整合的不同类型的练习和活动，巩固所学语法知识，引导学生在语境中学会应用语法知识准确地理解他人和得体地表达自己。,data/trees/cn/middle/english.json
middle,english,语法与句法,eng-m-sentence-patterns,基本句型与复合句,gap,8,,eng-m-tenses-perfect,,就语法知识而言，要帮助学生建立以语言运用为导向的‘形式—意义—使用’语法观，引导学生在理解主题意义的基础上，认识到语法形式的选择取决于具体语境。；重视在语境中呈现新的语法知识，指导学生在语境中观察和归纳所学语法的使用场合、表达形式、基本意义、使用规则和语用功能。；引导学生在语境中学会应用语法知识准确地理解他人和得体地表达自己。,data/trees/cn/middle/english.json
middle,english,语法与句法,eng-m-object-clause,宾语从句,gap,8,,eng-m-sentence-patterns,,就语法知识而言，要帮助学生建立以语言运用为导向的“形式—意义—使用”语法观，引导学生在理解主题意义的基础上，认识到语法形式的选择取决于具体语境。；重视在语境中呈现新的语法知识，指导学生在语境中观察和归纳所学语法的使用场合、表达形式、基本意义、使用规则和语用功能。；根据学生的实际需求，选择和设计既有层次又强调整合的不同类型的练习和活动，巩固所学语法知识，引导学生在语境中学会应用语法知识准确地理解他人和得体地表达自己。,data/trees/cn/middle/english.json
middle,english,语法与句法,eng-m-attributive-clause,定语从句,gap,9,,eng-m-sentence-patterns,,就语法知识而言，要帮助学生建立以语言运用为导向的“形式—意义—使用”语法观，引导学生在理解主题意义的基础上，认识到语法形式的选择取决于具体语境。；重视在语境中呈现新的语法知识，指导学生在语境中观察和归纳所学语法的使用场合、表达形式、基本意义、使用规则和语用功能。；根据学生的实际需求，选择和设计既有层次又强调整合的不同类型的练习和活动，巩固所学语法知识，引导学生在语境中学会应用语法知识准确地理解他人和得体地表达自己。,data/trees/cn/middle/english.json
middle,english,语法与句法,eng-m-adverbial-clause,状语从句,gap,9,,eng-m-sentence-patterns,,就语法知识而言，要帮助学生在语境中观察和归纳所学语法的使用场合、表达形式、基本意义、使用规则和语用功能。；引导学生在语境中学会应用语法知识准确地理解他人和得体地表达自己。；帮助学生建立以语言运用为导向的“形式—意义—使用”语法观，认识到语法形式的选择取决于具体语境。,data/trees/cn/middle/english.json
middle,english,语篇理解与书面表达,eng-m-reading-strategies,阅读策略（略读/扫读/精读）,gap,7,,eng-m-theme-vocabulary|eng-m-tenses-present,,引导学生充分利用语篇知识有效获取和传递信息，表达观点和态度。；能运用一定的阅读策略，借助表格、思维导图等工具梳理书面语篇的主要信息，理解大意。；在阅读稍长的语篇材料时，能理解主要内容，推断隐含信息，表达个人看法，提出合理疑问，分析和解决问题。,data/trees/cn/middle/english.json
middle,english,语篇理解与书面表达,eng-m-text-types,语篇类型识别（记叙/说明/议论）,gap,8,,eng-m-reading-strategies,,就语篇知识而言，要为学生提供接触和体验各种语篇类型的机会，指导学生学习不同文体特有的语篇结构和语言特征。；引导学生围绕主题使用思维导图梳理词汇。指导学生借助构词法知识和词典、词表等工具学习词语。；在阅读稍长的语篇材料时，能理解主要内容，推断隐含信息，表达个人看法，提出合理疑问，分析和解决问题。,data/trees/cn/middle/english.json
middle,english,语篇理解与书面表达,eng-m-cloze-test,完形填空,gap,8,,eng-m-reading-strategies|eng-m-word-formation-en,,能运用一定的阅读策略，借助表格、思维导图等工具梳理书面语篇的主要信息，理解大意。；在阅读稍长的语篇材料时，能理解主要内容，推断隐含信息，表达个人看法，提出合理疑问，分析和解决问题。；能借助基本的构词法知识推测语篇中生词的含义，辅助理解语篇内容。,data/trees/cn/middle/english.json
middle,english,语篇理解与书面表达,eng-m-basic-writing,基础写作（短文/书信/邮件）,gap,9,,eng-m-text-types|eng-m-tenses-perfect|eng-m-passive-voice,,进行书面表达时，能正确使用所学语言，格式较为规范。能参照范例，仿写简短的文段（如回复信函等），语言准确，表意得体。；能选用正确的词语、句式和时态，通过口语或书面语篇描述、介绍人和事物，表达个人看法，表意清晰，话语基本通顺。；能结合图片、文字等提示信息，对语篇进行补充、续编或改编，语言基本准确。,data/trees/cn/middle/english.json
middle,english,听说交流,eng-m-listening-basic,基础听力（对话/短文）,gap,7,,eng-m-theme-vocabulary,,能听懂相关主题的语篇，借助关键词句、图片等复述语篇内容。能利用语篇所给提示预测内容的发展，判断说话者的身份和关系，推断说话者的情感、态度和观点。；要让学生学会根据重音、意群、语调与节奏等语音方面的变化，感知说话人表达的不同意义，准确地理解说话人的意图和态度。；引导学生充分利用语篇知识有效获取和传递信息，表达观点和态度。,data/trees/cn/middle/english.json
middle,english,听说交流,eng-m-listening-long,长对话与语段听力,gap,8,,eng-m-listening-basic|eng-m-text-types,,能听懂相关主题的语篇，借助关键词句、图片等复述语篇内容。；能利用语篇所给提示预测内容的发展，判断说话者的身份和关系，推断说话者的情感、态度和观点。；能理解多模态语篇（如广播、电视节目等）的主要内容，获取关键信息。,data/trees/cn/middle/english.json
middle,english,听说交流,eng-m-oral-topic,话题口语表达,gap,9,,eng-m-listening-long|eng-m-sentence-patterns,,能根据口头交际的具体情境，初步运用得体的语言形式，表达自己的情感、态度和观点。；引导学生围绕主题表达个人观点和态度，解决真实问题，达到在教学中培养学生核心素养的目的。；在输出活动中，注意创设真实的、与问题解决紧密关联的语境，引导学生根据正式或非正式场合，选择得体的方式进行沟通与交流。,data/trees/cn/middle/english.json
middle,geography,地球与地图,geo-m-earth-basics,地球基础知识,gap,7,,geo-m-earth-shape-size,,"地理课程内容结构中的“认识全球”部分，将地球整体作为学习对象，认识地球所处的宇宙环境、地球的自转和公转运动、地球表层的自然和人文环境。；“地理工具”侧重地球仪、地图的基础知识和应用, “地理实践”则以多种方式贯穿全部课程内容。；运用地球仪或软件，演示地球的自转运动，说出地球的自转方向、周期。",data/trees/cn/middle/geography.json
middle,geography,地球与地图,geo-m-globe-coordinates,经纬网与地球坐标,gap,7,,geo-m-earth-shape-size,,运用地球仪或软件，演示地球的自转运动，说出地球的自转方向、周期。；运用模型或软件，演示地球的公转和运动，说出地球的公转方向、周期。；“地理工具”侧重地球仪、地图的基础知识和应用。,data/trees/cn/middle/geography.json
middle,geography,地球与地图,geo-m-earth-motion-m,地球的自转与公转,gap,7,,geo-m-globe-coordinates,,运用地球仪或软件，演示地球的自转运动，说出地球的自转方向、周期。；运用模型或软件，演示地球的公转和运动，说出地球的公转方向、周期。；结合实例，说出地球自转产生的主要自然现象及其对人们生产生活的影响。；结合实例，说出地球公转产生的主要自然现象及其对人们生产生活的影响。,data/trees/cn/middle/geography.json
middle,geography,地球与地图,geo-m-seasons-m,四季更替与昼夜长短,gap,7,,geo-m-earth-motion-m,,运用模型或软件，演示地球的公转运动，说出地球的公转方向、周期。；结合实例，说出地球公转产生的主要自然现象及其对人们生产生活的影响。；能够举例说明地球运动所产生的主要自然现象及其对人们生产生活的影响。,data/trees/cn/middle/geography.json
middle,geography,地球与地图,geo-m-map-reading,地图的阅读（比例尺/方向/图例）,gap,7,,geo-m-globe-coordinates,,地理工具侧重地球仪、地图的基础知识和应用。；能够运用地图及其他地理工具，观察、描述地球表层陆地、海洋的基本面貌。,data/trees/cn/middle/geography.json
middle,geography,世界地理,geo-m-continents-oceans,大洲大洋与海陆变迁,gap,7,,geo-m-globe-coordinates,,阅读世界地图，描述世界海陆分布状况，说出七大洲、四大洋的分布。；运用地图和相关资料，描述某大洲的地理位置，并依据大洲地理位置特点，判断大洲所处热量带和降水的空间分布概况。；学习本主题后，学生能够运用地图及其他地理工具，观察、描述地球表层陆地、海洋的基本面貌。,data/trees/cn/middle/geography.json
middle,geography,世界地理,geo-m-terrain-types,世界地形类型,gap,7,,geo-m-continents-oceans|geo-m-topographic-map,,通过阅读地形图、图像，观看影视资料，观察地形模型或实地考察等，区别山地、丘陵、高原、平原、盆地的形态特征。；在世界地形图上指出陆地主要地形和海底主要地形的分布，观察地形分布大势。,data/trees/cn/middle/geography.json
middle,geography,世界地理,geo-m-climate-basics,气候基础（天气/气温/降水）,gap,7,,geo-m-seasons-m,,收看天气预报节目，识别常见的天气符号，模拟播报天气。；结合实例，说明天气和气候对人们生产生活的影响。；阅读世界气候类型分布图，描述世界主要气候类型的分布特征；结合实例，说明纬度位置、海陆分布、地形等对气候的影响。,data/trees/cn/middle/geography.json
middle,geography,世界地理,geo-m-climate-m,世界气候类型与分布,gap,7,,geo-m-climate-basics,,阅读世界气候类型分布图，描述世界主要气候类型的分布特征；结合实例，说明纬度位置、海陆分布、地形等对气候的影响。；结合实例，说明天气和气候对人们生产生活的影响。；能够运用地图及其他地理工具，观察、描述地球表层陆地、海洋的基本面貌，说出地形、气候等自然环境要素的基本状况。,data/trees/cn/middle/geography.json
middle,geography,世界地理,geo-m-population-distribution,世界人口与人种,gap,7,,geo-m-climate-m,,运用地图和相关资料，描述并简要归纳世界人口数量变化和人口空间分布特点。；运用反映人种、语言、宗教、习俗等内容的图文资料，描述世界文化的丰富多彩，树立尊重世界文化多样性的意识。；能够观察、描述地球上人口、城乡、文化等人文环境要素的基本状况，以及人类活动对自然环境的影响。,data/trees/cn/middle/geography.json
middle,geography,世界地理,geo-m-world-countries,世界主要国家（日/俄/美/澳/巴西等）,gap,7,,geo-m-world-regions,,运用地图和相关资料，说出某国家的地理位置、范围、领土构成和首都，选择与该国地理位置差异明显的国家，比较它们纬度位置和海陆位置的差异。；运用地图和相关资料，描述某国家突出的自然地理特征。；运用地图和相关资料，说出某国家人文地理主要特点及其与自然地理环境的联系。；运用地图和相关资料，联系某国家的自然地理环境特点，结合实例简要分析该国因地制宜发展经济的途径。,data/trees/cn/middle/geography.json
middle,geography,中国地理,geo-m-china-location,中国的地理位置与疆域,gap,8,,geo-m-continents-oceans,,运用地图，描述中国的地理位置与疆域特征，说明南海诸岛是中国领土的组成部分，钓鱼岛及其附属岛屿是中国固有领土，增强国家版图意识与海洋权益意识。；运用中国行政区划图，识别34个省级行政区，记住它们的简称和行政中心。,data/trees/cn/middle/geography.json
middle,geography,中国地理,geo-m-china-overview,中国地理总论,gap,8,,geo-m-china-location,,运用地图，描述中国的地理位置与疆域特征，说明南海诸岛是中国领土的组成部分，钓鱼岛及其附属岛屿是中国固有领土，增强国家版图意识与海洋权益意识。；运用地图和相关资料，简要归纳中国地形、气候、河湖等的特征；简要分析影响中国气候的主要因素。；运用地图和相关资料，描述中国人口的基本状况和变化。简要归纳中国的民族分布特点，树立中华民族共同体意识。,data/trees/cn/middle/geography.json
middle,geography,中国地理,geo-m-china-terrain,中国地形与地势,gap,8,,geo-m-china-location|geo-m-terrain-types,,运用地图和相关资料，简要归纳中国地形、气候、河湖等的特征；简要分析影响中国气候的主要因素。；运用地图、图像等资料，说明秦岭一淮河等重要自然地理界线在地理分区中的意义。,data/trees/cn/middle/geography.json
middle,geography,中国地理,geo-m-china-climate,中国气候,gap,8,,geo-m-china-terrain|geo-m-climate-m,,运用地图和相关资料，简要归纳中国地形、气候、河湖等的特征；简要分析影响中国气候的主要因素。；学习本主题后，学生能够运用地图及其他地理工具，观察、描述地球表层陆地、海洋的基本面貌，说出地形、气候等自然环境要素的基本状况。,data/trees/cn/middle/geography.json
middle,geography,中国地理,geo-m-china-rivers,中国河流湖泊,gap,8,,geo-m-china-climate,,运用地图和相关资料，描述长江、黄河的特点，举例说明其对经济发展和人们生活的影响。；能够运用地图及其他地理工具，观察、描述地球表层陆地、海洋的基本面貌，说出地形、气候等自然环境要素的基本状况，以及自然环境要素对人们生产生活的影响。,data/trees/cn/middle/geography.json
middle,geography,中国地理,geo-m-china-population,中国人口与民族,gap,8,,geo-m-china-location,,运用地图和相关资料，描述中国人口的基本状况和变化。；运用地图和相关资料，简要归纳中国的民族分布特点，树立中华民族共同体意识。,data/trees/cn/middle/geography.json
middle,geography,中国地理,geo-m-china-resources,中国自然资源,gap,8,,geo-m-china-rivers,,运用地图和相关资料，描述中国水资源、土地资源、矿产资源、海洋资源等自然资源的主要特征，举例说明自然资源与人们生产生活的关系。；认识开发、利用、保护自然资源的重要意义。,data/trees/cn/middle/geography.json
middle,geography,中国经济地理,geo-m-china-industry,中国工业,gap,8,,geo-m-china-resources,,借助地图和相关资料，举例描述中国农业、工业等生产活动的分布，并用实例说明科学技术在产业发展中的重要作用。；运用地图和相关资料，说出某区域的地理位置和自然地理特征，说明自然条件对该区域经济社会发展的影响，认识因地制宜的重要性。,data/trees/cn/middle/geography.json
middle,geography,中国区域地理,geo-m-china-regions,中国四大地理区域,gap,8,,geo-m-china-climate|geo-m-china-terrain,,运用地图、图像等资料，说明秦岭一淮河等重要自然地理界线在地理分区中的意义。；运用地图和相关资料，说出某区域的地理位置和自然地理特征，说明自然条件对该区域经济社会发展的影响，认识因地制宜的重要性。；结合实例，描述不同区域的差异，说明区域联系和协同发展对经济社会发展的意义。,data/trees/cn/middle/geography.json
middle,geography,中国区域地理,geo-m-four-regions,北方、南方、西北、青藏地区,gap,8,,geo-m-china-regions,,运用地图、图像等资料，说明秦岭一淮河等重要自然地理界线在地理分区中的意义。；结合实例，描述不同区域的差异，说明区域联系和协同发展对经济社会发展的意义。,data/trees/cn/middle/geography.json
middle,geography,中国区域地理,geo-m-north-south,北方与南方地区对比,gap,8,,geo-m-four-regions,,运用地图和相关资料，说出某区域的地理位置和自然地理特征，说明自然条件对该区域经济社会发展的影响，认识因地制宜的重要性。；结合实例，描述不同区域的差异，说明区域联系和协同发展对经济社会发展的意义。,data/trees/cn/middle/geography.json
middle,geography,中国区域地理,geo-m-northwest-qinghai,西北与青藏地区,gap,8,,geo-m-four-regions,,运用地图和相关资料，说出某区域的地理位置和自然地理特征，说明自然条件对该区域经济社会发展的影响，认识因地制宜的重要性。；结合实例，描述不同区域的差异，说明区域联系和协同发展对经济社会发展的意义。,data/trees/cn/middle/geography.json
middle,geography,中国区域地理,geo-m-pearl-river-delta,珠江三角洲,gap,8,,geo-m-china-industry|geo-m-four-regions,,运用地图和相关资料，说出某区域的地理位置和自然地理特征，说明自然条件对该区域经济社会发展的影响，认识因地制宜的重要性。；结合实例，描述不同区域的差异，说明区域联系和协同发展对经济社会发展的意义。,data/trees/cn/middle/geography.json
middle,geography,中国区域地理,geo-m-yangtze-delta,长江三角洲,gap,8,,geo-m-china-industry|geo-m-four-regions,,运用地图和相关资料，描述长江、黄河的特点，举例说明其对经济发展和人们生活的影响。；运用地图和相关资料，说出某区域的地理位置和自然地理特征，说明自然条件对该区域经济社会发展的影响，认识因地制宜的重要性。,data/trees/cn/middle/geography.json
middle,history,中国古代史,hist-m-prehistoric,史前时期（元谋人/北京人/半坡/河姆渡）,gap,7,,,,通过了解元谋人、蓝田人、北京人等旧石器时代的人类及其文化遗存，知道中国境内原始社会时期的人类活动。；通过了解河姆渡、半坡、良渚、陶寺等新石器时代的文化遗存，知道中国的原始农耕生活。；了解私有制、阶级和早期国家的产生；知道考古发现是了解原始社会的重要依据。,data/trees/cn/middle/history.json
middle,history,中国古代史,hist-m-early-civilizations,早期国家的形成,gap,7,,hist-m-prehistoric,,通过了解元谋人、蓝田人、北京人等旧石器时代的人类及其文化遗存，知道中国境内原始社会时期的人类活动；通过了解河姆渡、半坡、良渚、陶寺等新石器时代的文化遗存，知道中国的原始农耕生活。；了解私有制、阶级和早期国家的产生；知道考古发现是了解原始社会的重要依据；通过古代文献中记述的黄帝、炎帝等神话传说，了解其中蕴含的历史信息。；知道具有奴隶制特点的夏、商、西周王朝的建立与发展，了解西周分封制等重要制度。；能够了解中国古代历史的基本线索和重要的事件、人物、现象，知道重大史事发生的时间和地点、原因和结果，初步养成历史时序意识和历史空间感。,data/trees/cn/middle/history.json
middle,history,中国古代史,hist-m-xia-shang-zhou,夏商西周,gap,7,,hist-m-prehistoric,,知道甲骨文是已知最早的汉字；通过了解甲骨文、青铜铭文、其他文献记载和典型器物，知道具有奴隶制特点的夏、商、西周王朝的建立与发展，了解西周分封制等重要制度。；通过了解这一时期的生产力水平和社会关系的变化，初步理解春秋时期诸侯争霸局面的形成、战国时期商鞅变法等改革和“百家争鸣”局面的产生。；能够了解中国古代历史的基本线索和重要的事件、人物、现象，知道重大史事发生的时间和地点、原因和结果，初步养成历史时序意识和历史空间感。；能够对中国古代历史上的重要事件、人物、现象等形成合理想象，进行初步分析，认识其意义和影响。,data/trees/cn/middle/history.json
middle,history,中国古代史,hist-m-spring-autumn-warring,春秋战国,gap,7,,hist-m-xia-shang-zhou,,东周分为春秋、战国两个阶段。春秋时期，王室衰微，诸侯争霸，分封制度渐趋瓦解。战国时期，铁农具和牛耕的推广，促进了农业发展。各诸侯国的变法推动了社会进步，思想文化出现了“百家争鸣”的繁荣局面。；通过了解这一时期的生产力水平和社会关系的变化，初步理解春秋时期诸侯争霸局面的形成、战国时期商鞅变法等改革和“百家争鸣”局面的产生。；能够了解中国古代历史的基本线索和重要的事件、人物、现象，知道重大史事发生的时间和地点、原因和结果，初步养成历史时序意识和历史空间感。,data/trees/cn/middle/history.json
middle,history,中国古代史,hist-m-qin-han-unification,秦汉大一统,gap,7,,hist-m-spring-autumn-warring,,通过了解秦朝统一、陈胜和吴广等领导的秦末农民起义、西汉“削藩”和尊崇儒术，知道统一多民族封建国家建立和早期发展的过程；通过了解休养生息政策、“文景之治”、张骞通西域、“丝绸之路”的开辟、汉武帝的大一统，知道西汉从建立之初的社会残破发展到国力强盛的变化及原因；能够通过中国古代历史发展的总体趋势，认识统一多民族国家形成、巩固和发展的重要历史意义,data/trees/cn/middle/history.json
middle,history,中国古代史,hist-m-tang-song-prosperity,唐宋繁荣,gap,7,,hist-m-three-kingdoms-sui-tang,,通过了解隋朝的兴亡、“贞观之治”与“开元盛世”，知道隋朝速亡和唐朝兴盛的原因；了解科举制度创建、大运河开通、文成公主入藏、鉴真东渡、玄奘西行等史事，从制度、经济、文学艺术、民族交往、中外文化交流等方面认识隋唐王朝在世界历史上的重要地位。；认识北宋面临的新形势，了解辽、宋、西夏的并立与北宋强化中央集权和重文轻武的政策；通过了解宋金之战、南宋偏安和南方地区的经济繁荣，知道中国古代经济重心的进一步南移；通过了解蒙古兴起和元朝统一，设立行省、宣政院等制度，知道西藏在元代正式纳入中国版图，理解元朝统一对中华民族进一步交融的重要意义；通过了解这一时期的城市和商业发展、科技创新、文学艺术成就和对外交流，认识宋元时期繁荣的经济、文化在中国历史上的；能够了解中国古代历史的基本线索和重要的事件、人物、现象，知道重大史事发生的时间和地点、原因和结果，初步养成历史时序意识和历史空间感。；能够通过中国古代的经济、科技成就，了解生产力发展对政治、社会、文化变革的推动作用；通过古代历史上治乱兴衰的史事，认识阶级社会中阶级斗争在历史发展中的作用。,data/trees/cn/middle/history.json
middle,history,中国古代史,hist-m-ming-qing-decline,明清衰落与闭关锁国,gap,7,,hist-m-song-yuan-ming-qing,,通过了解明清时期加强皇权的举措，初步认识君主专制带来的社会弊端；通过了解明清时期的经济改革和全球性经济互动，初步认识这一阶段中国经济发展的内因和外因。；通过郑和下西洋、戚继光抗倭等史事，了解明朝的对外关系；通过了解郑成功收复台湾、清朝在台湾的建制、册封达赖和班禅以及设置驻藏大臣等中央政权在边疆地区的各种举措，认识西藏地区、新疆地区、南海诸岛、台湾及其包括钓鱼岛在内的附属岛屿是中国的领土，理解统一多民族国家版图奠定的重要意义。；通过了解《本草纲目》《天工开物》《农政全书》，认识明朝的科技成就及其影响；通过了解小说、戏曲的繁荣，知道明清时期文学艺术的特色；通过明末李自成起义，清中叶以来的政治腐败、故步自封和19世纪的国际局势，认识当时中国社会面临的严重危机。,data/trees/cn/middle/history.json
middle,history,中国古代史,hist-m-ancient-culture,中国古代文化成就,gap,7,,hist-m-song-yuan-ming-qing,,通过了解这一时期的科技和艺术成就，如祖冲之的数学成就，认识传统文化的继承与创新。；通过印刷术、指南针、火药的应用和外传，认识中国古代的重要发明对世界文明发展的贡献。；通过了解《本草纲目》《天工开物》《农政全书》，认识明朝的科技成就及其影响。；能够通过中国古代的经济、科技成就，了解生产力发展对政治、社会、文化变革的推动作用。,data/trees/cn/middle/history.json
middle,history,中国近代史,hist-m-opium-war,鸦片战争,gap,8,,hist-m-song-yuan-ming-qing,,中国封建社会到1840年鸦片战争爆发后逐步解体。；通过明末李自成起义，清中叶以来的政治腐败、故步自封和19世纪的国际局势，认识当时中国社会面临的严重危机。,data/trees/cn/middle/history.json
middle,history,中国近代史,hist-m-opium-war-era,鸦片战争后的中国,gap,8,,hist-m-opium-war,,通过明末李自成起义，清中叶以来的政治腐败、故步自封和19世纪的国际局势，认识当时中国社会面临的严重危机。；了解中国历史上的英雄人物，崇尚英雄气概，传承民族气节；培育和践行社会主义核心价值观。；能够从历史的角度认识中国国情，认识中华民族多元一体的历史发展趋势，增强热爱家乡、热爱祖国的情感。,data/trees/cn/middle/history.json
middle,history,中国近代史,hist-m-taiping-westernization,太平天国运动与洋务运动,gap,8,,hist-m-opium-war,,通过明末李自成起义，清中叶以来的政治腐败、故步自封和19世纪的国际局势，认识当时中国社会面临的严重危机。；通过了解郑和下西洋、戚继光抗倭等史事，了解明朝的对外关系。,data/trees/cn/middle/history.json
middle,history,中国近代史,hist-m-reform-1898,戊戌变法,gap,8,,hist-m-taiping-westernization,,通过明末李自成起义，清中叶以来的政治腐败、故步自封和19世纪的国际局势，认识当时中国社会面临的严重危机。；能够对中国古代历史上的重要事件、人物、现象等形成合理想象，进行初步分析，认识其意义和影响。,data/trees/cn/middle/history.json
middle,history,中国近代史,hist-m-reform-revolution,改革与革命,gap,8,,hist-m-reform-1898,,中国近代史始于1840年鸦片战争，止于1949年中华人民共和国成立，重点叙述近代以来中国人民为争取民族独立、人民解放和实现国家富强、人民幸福而不懈奋斗的历程。；通过了解林则徐虎门销烟、英法联军火烧圆明园、俄国割占中国北方大片领土等史事，认识列强侵华对中国社会的影响。；通过了解洋务运动、戊戌变法、辛亥革命、新文化运动等史事，认识近代中国人民为救亡图存进行的艰难探索。,data/trees/cn/middle/history.json
middle,history,中国近代史,hist-m-xinhai-revolution,辛亥革命,gap,8,,hist-m-reform-1898,,通过了解辛亥革命，认识推翻帝制、建立民国的意义与局限性。；能够了解中国近代历史的基本线索和重要的事件、人物、现象，知道重大史事发生的时间和地点、原因和结果。；通过近代中国人民救亡图存的史事，体会中华民族英勇不屈的精神，认识没有中国共产党就没有新中国的道理。,data/trees/cn/middle/history.json
middle,history,中国近代史,hist-m-cpc-founding,中国共产党的诞生,gap,8,,hist-m-may-fourth-movement,,通过了解明末李自成起义，清中叶以来的政治腐败、故步自封和19世纪的国际局势，认识当时中国社会面临的严重危机。；了解中国历史上的英雄人物，崇尚英雄气概，传承民族气节；培育和践行社会主义核心价值观，把握习近平新时代中国特色社会主义思想的核心要义，树立中国特色社会主义道路自信、理论自信、制度自信、文化自信。；能够从历史的角度认识中国国情，认识中华民族多元一体的历史发展趋势，增强热爱家乡、热爱祖国的情感，铸牢中华民族共同体意识。,data/trees/cn/middle/history.json
middle,history,中国近代史,hist-m-northern-expedition,北伐战争与南京国民政府,gap,8,,hist-m-cpc-founding,,通过了解明末李自成起义，清中叶以来的政治腐败、故步自封和19世纪的国际局势，认识当时中国社会面临的严重危机。；能够通过古代历史上治乱兴衰的史事，认识阶级社会中阶级斗争在历史发展中的作用。；围绕中国古代历史上重大的、综合性的问题进行探究并展开讨论，如“统一多民族封建国家建立与巩固的重要意义”。,data/trees/cn/middle/history.json
middle,history,中国近代史,hist-m-new-democratic-revolution,新民主主义革命,gap,8,,hist-m-liberation-war,,中国近代史内容要求：了解新民主主义革命的兴起，知道五四运动、中国共产党的成立、井冈山革命根据地的创建、红军长征等重大史事。；中国近代史内容要求：认识中国共产党领导的新民主主义革命的意义，理解新民主主义革命胜利是近代以来中国人民反抗外来侵略和封建统治斗争的继续和发展。,data/trees/cn/middle/history.json
middle,history,中国近代史,hist-m-modern-china-development,新中国成立与发展,gap,8,,hist-m-new-democratic-revolution,,通过了解明末李自成起义，清中叶以来的政治腐败、故步自封和19世纪的国际局势，认识当时中国社会面临的严重危机。；能够通过中国古代历史上治乱兴衰的史事，认识阶级社会中阶级斗争在历史发展中的作用。,data/trees/cn/middle/history.json
middle,history,世界古代史,hist-m-ancient-civilizations,古代亚非文明（古埃及/古巴比伦/古印度）,gap,9,,,,世界古代史课程内容包括区域文明的多元发展，使学生了解人类文明从分散到整体的历程。；通过了解古代主要文明区域，认识世界古代文明的多元特点，理解人类文明的共同价值。；能够将事件、人物、现象等置于历史发展的特定或总体进程及具体的地理空间中加以考察。,data/trees/cn/middle/history.json
middle,history,世界近现代史,hist-m-modern-world-formation,资本主义制度初步确立,gap,9,,hist-m-renaissance,,世界近代史：资本主义发展、社会主义运动和民族解放运动。；了解人类文化的多样性，理解和尊重世界各国、各民族的文化传统，认识中国历史与世界历史相互关联。；学生通过学习不同历史时期各个方面的史实，了解人类社会从分散到整体、从低级到高级的发展历程。,data/trees/cn/middle/history.json
middle,history,世界近现代史,hist-m-american-revolution,美国独立战争,gap,9,,hist-m-english-revolution,,世界近代史：资本主义发展、社会主义运动和民族解放运动。；了解人类文化的多样性，理解和尊重世界各国、各民族的文化传统，认识中国历史与世界历史相互关联。；能够从历史发展的角度认识其地位和作用。,data/trees/cn/middle/history.json
middle,history,世界近现代史,hist-m-french-revolution,法国大革命,gap,9,,hist-m-english-revolution,,世界近代史的内容要求包括：资本主义发展、社会主义运动和民族解放运动。；通过了解法国大革命，理解资本主义制度的确立和扩展，以及其对世界历史进程的影响。,data/trees/cn/middle/history.json
middle,history,世界近现代史,hist-m-industrial-revolution-modernization,工业革命与近代化,gap,9,,hist-m-industrial-revolution,,世界近代史内容要求：了解资本主义发展、社会主义运动和民族解放运动。；课程内容结构示意图：世界近代史对应“资本主义发展、社会主义运动和民族解放运动”。；历史课程内容按照历史时序展示中外历史发展基本过程，把握不同历史时期的时代特征。,data/trees/cn/middle/history.json
middle,history,世界近现代史,hist-m-ww1,第一次世界大战,gap,9,,hist-m-industrial-revolution,,初中9年级学段目标：理解并掌握「第一次世界大战」的基本概念与方法；学业要求：能在真实情境中识别、运用「第一次世界大战」解决问题；活动建议：通过观察、实验、练习、讨论等方式深化对「第一次世界大战」的理解,data/trees/cn/middle/history.json
middle,history,世界近现代史,hist-m-world-wars-cold-war,两次世界大战与冷战,gap,9,,hist-m-ww2,,世界现代史部分应包含战争与革命、和平与发展等主题，了解两次世界大战与冷战等重大历史事件。；通过了解两次世界大战、冷战等重大历史事件，认识战争与革命、和平与发展是20世纪世界历史的重要主题。；能够初步学会在唯物史观指导下，分析两次世界大战与冷战等重大历史事件的原因、过程和影响。,data/trees/cn/middle/history.json
middle,history,世界近现代史,hist-m-cold-war,冷战格局,gap,9,,hist-m-russian-revolution|hist-m-ww2,,世界现代史部分应包含冷战与两极格局的内容，使学生了解二战后国际关系的基本格局。；通过了解冷战的形成与两极格局的演变，认识其对世界局势的深远影响。；引导学生分析冷战时期的重大事件，理解国际力量对比的变化及其历史意义。,data/trees/cn/middle/history.json
middle,history,世界近现代史,hist-m-globalization,全球化与多极化,gap,9,,hist-m-cold-war,,初中9年级学段目标：理解并掌握「全球化与多极化」的基本概念与方法；学业要求：能在真实情境中识别、运用「全球化与多极化」解决问题；活动建议：通过观察、实验、练习、讨论等方式深化对「全球化与多极化」的理解,data/trees/cn/middle/history.json
